meeting_date,meeting_type,agenda_url,minutes_url
2016-07-11,regular,https://councildocs.dsm.city/agendas/ag20160711.pdf,https://councildocs.dsm.city/minutes/as20160711.pdf
2016-07-25,regular,https://councildocs.dsm.city/agendas/ag20160725.pdf,https://councildocs.dsm.city/minutes/as20160725.pdf
2016-08-08,regular,https://councildocs.dsm.city/agendas/ag20160808.pdf,https://councildocs.dsm.city/minutes/as20160808.pdf
2016-08-22,regular,https://councildocs.dsm.city/agendas/ag20160822.pdf,https://councildocs.dsm.city/minutes/as20160822.pdf
2016-09-12,regular,https://councildocs.dsm.city/agendas/ag20160912.pdf,https://councildocs.dsm.city/minutes/as20160912.pdf
2016-09-26,regular,https://councildocs.dsm.city/agendas/ag20160926.pdf,https://councildocs.dsm.city/minutes/as20160926.pdf
2016-10-10,regular,https://councildocs.dsm.city/agendas/ag20161010.pdf,https://councildocs.dsm.city/minutes/as20161010.pdf
2016-10-24,regular,https://councildocs.dsm.city/agendas/ag20161024.pdf,https://councildocs.dsm.city/minutes/as20161024.pdf
2016-11-07,regular,https://councildocs.dsm.city/agendas/ag20161107.pdf,https://councildocs.dsm.city/minutes/as20161107.pdf
2016-11-21,regular,https://councildocs.dsm.city/agendas/ag20161121.pdf,https://councildocs.dsm.city/minutes/as20161121.pdf
2016-12-05,regular,https://councildocs.dsm.city/agendas/ag20161205.pdf,https://councildocs.dsm.city/minutes/as20161205.pdf
2016-12-19,regular,https://councildocs.dsm.city/agendas/ag20161219.pdf,https://councildocs.dsm.city/minutes/as20161219.pdf
2017-01-09,regular,https://councildocs.dsm.city/agendas/ag20170109.pdf,https://councildocs.dsm.city/minutes/as20170109.pdf
2017-01-23,regular,https://councildocs.dsm.city/agendas/ag20170123.pdf,https://councildocs.dsm.city/minutes/as20170123.pdf
2017-02-06,regular,https://councildocs.dsm.city/agendas/ag20170206.pdf,https://councildocs.dsm.city/minutes/as20170206.pdf
2017-02-20,regular,https://councildocs.dsm.city/agendas/ag20170220.pdf,https://councildocs.dsm.city/minutes/as20170220.pdf
2017-03-06,regular,https://councildocs.dsm.city/agendas/ag20170306.pdf,https://councildocs.dsm.city/minutes/as20170306.pdf
2017-03-20,regular,https://councildocs.dsm.city/agendas/ag20170320.pdf,https://councildocs.dsm.city/minutes/as20170320.pdf
2017-04-03,regular,https://councildocs.dsm.city/agendas/ag20170403.pdf,https://councildocs.dsm.city/minutes/as20170403.pdf
2017-04-17,regular,https://councildocs.dsm.city/agendas/ag20170417.pdf,https://councildocs.dsm.city/minutes/as20170417.pdf
2017-05-08,regular,https://councildocs.dsm.city/agendas/ag20170508.pdf,https://councildocs.dsm.city/minutes/as20170508.pdf
2017-05-18,regular,https://councildocs.dsm.city/agendas/ag20170518.pdf,https://councildocs.dsm.city/minutes/as20170518.pdf
2017-05-22,regular,https://councildocs.dsm.city/agendas/ag20170522.pdf,https://councildocs.dsm.city/minutes/as20170522.pdf
2017-06-12,regular,https://councildocs.dsm.city/agendas/ag20170612.pdf,https://councildocs.dsm.city/minutes/as20170612.pdf
2017-06-26,regular,https://councildocs.dsm.city/agendas/ag20170626.pdf,https://councildocs.dsm.city/minutes/as20170626.pdf
2017-07-10,regular,https://councildocs.dsm.city/agendas/ag20170710.pdf,https://councildocs.dsm.city/minutes/as20170710.pdf
2017-07-24,regular,https://councildocs.dsm.city/agendas/ag20170724.pdf,https://councildocs.dsm.city/minutes/as20170724.pdf
2017-08-02,regular,,https://councildocs.dsm.city/minutes/as20170802.pdf
2017-08-07,regular,,https://councildocs.dsm.city/minutes/as20170807.pdf
2017-08-14,regular,https://councildocs.dsm.city/agendas/ag20170814.pdf,https://councildocs.dsm.city/minutes/as20170814.pdf
2017-08-28,regular,https://councildocs.dsm.city/agendas/ag20170828.pdf,https://councildocs.dsm.city/minutes/as20170828.pdf
2017-09-11,regular,https://councildocs.dsm.city/agendas/ag20170911.pdf,https://councildocs.dsm.city/minutes/as20170911.pdf
2017-09-25,regular,https://councildocs.dsm.city/agendas/ag20170925.pdf,https://councildocs.dsm.city/minutes/as20170925.pdf
2017-10-09,regular,https://councildocs.dsm.city/agendas/ag20171009.pdf,https://councildocs.dsm.city/minutes/as20171009.pdf
2017-10-23,regular,https://councildocs.dsm.city/agendas/ag20171023.pdf,https://councildocs.dsm.city/minutes/as20171023.pdf
2017-11-06,regular,https://councildocs.dsm.city/agendas/ag20171106.pdf,https://councildocs.dsm.city/minutes/as20171106.pdf
2017-11-20,regular,https://councildocs.dsm.city/agendas/ag20171120.pdf,https://councildocs.dsm.city/minutes/as20171120.pdf
2017-12-04,regular,https://councildocs.dsm.city/agendas/ag20171204.pdf,https://councildocs.dsm.city/minutes/as20171204.pdf
2017-12-18,regular,https://councildocs.dsm.city/agendas/ag20171218.pdf,https://councildocs.dsm.city/minutes/as20171218.pdf
2018-01-08,regular,https://councildocs.dsm.city/agendas/ag20180108.pdf,https://councildocs.dsm.city/minutes/as20180108.pdf
2018-01-16,regular,,https://councildocs.dsm.city/minutes/as20180116.pdf
2018-01-22,regular,https://councildocs.dsm.city/agendas/ag20180122.pdf,https://councildocs.dsm.city/minutes/as20180122.pdf
2018-02-05,regular,https://councildocs.dsm.city/agendas/ag20180205.pdf,https://councildocs.dsm.city/minutes/as20180205.pdf
2018-02-19,regular,https://councildocs.dsm.city/agendas/ag20180219.pdf,https://councildocs.dsm.city/minutes/as20180219.pdf
2018-03-08,regular,https://councildocs.dsm.city/agendas/ag20180308.pdf,https://councildocs.dsm.city/minutes/as20180308.pdf
2018-03-19,regular,https://councildocs.dsm.city/agendas/ag20180319.pdf,https://councildocs.dsm.city/minutes/as20180319.pdf
2018-04-09,regular,https://councildocs.dsm.city/agendas/ag20180409.pdf,https://councildocs.dsm.city/minutes/as20180409.pdf
2018-04-23,regular,https://councildocs.dsm.city/agendas/ag20180423.pdf,https://councildocs.dsm.city/minutes/as20180423.pdf
2018-05-07,regular,https://councildocs.dsm.city/agendas/ag20180507.pdf,https://councildocs.dsm.city/minutes/as20180507.pdf
2018-05-21,regular,https://councildocs.dsm.city/agendas/ag20180521.pdf,https://councildocs.dsm.city/minutes/as20180521.pdf
2018-06-11,regular,,https://councildocs.dsm.city/minutes/as20180611.pdf
2018-07-09,regular,,https://councildocs.dsm.city/minutes/as20180709.pdf
2018-07-23,regular,,https://councildocs.dsm.city/minutes/as20180723.pdf
2018-08-06,regular,https://councildocs.dsm.city/agendas/ag20180806.pdf,https://councildocs.dsm.city/minutes/as20180806.pdf
2018-08-20,regular,https://councildocs.dsm.city/agendas/ag20180820.pdf,https://councildocs.dsm.city/minutes/as20180820.pdf
2018-09-10,regular,https://councildocs.dsm.city/agendas/ag20180910.pdf,https://councildocs.dsm.city/minutes/as20180910.pdf
2018-09-24,regular,https://councildocs.dsm.city/agendas/ag20180924.pdf,https://councildocs.dsm.city/minutes/as20180924.pdf
2018-10-08,regular,https://councildocs.dsm.city/agendas/ag20181008.pdf,https://councildocs.dsm.city/minutes/as20181008.pdf
2018-10-22,regular,https://councildocs.dsm.city/agendas/ag20181022.pdf,https://councildocs.dsm.city/minutes/as20181022.pdf
2018-11-05,regular,https://councildocs.dsm.city/agendas/ag20181105.pdf,https://councildocs.dsm.city/minutes/as20181105.pdf
2018-11-19,regular,https://councildocs.dsm.city/agendas/ag20181119.pdf,https://councildocs.dsm.city/minutes/as20181119.pdf
2018-12-03,regular,https://councildocs.dsm.city/agendas/ag20181203.pdf,https://councildocs.dsm.city/minutes/as20181203.pdf
2018-12-17,regular,https://councildocs.dsm.city/agendas/ag20181217.pdf,https://councildocs.dsm.city/minutes/as20181217.pdf
2019-01-14,regular,https://councildocs.dsm.city/agendas/ag20190114.pdf,https://councildocs.dsm.city/minutes/as20190114.pdf
2019-01-28,regular,https://councildocs.dsm.city/agendas/ag20190128.pdf,https://councildocs.dsm.city/minutes/as20190128.pdf
2019-02-11,regular,https://councildocs.dsm.city/agendas/ag20190211.pdf,https://councildocs.dsm.city/minutes/as20190211.pdf
2019-02-25,regular,https://councildocs.dsm.city/agendas/ag20190225.pdf,https://councildocs.dsm.city/minutes/as20190225.pdf
2019-03-11,regular,https://councildocs.dsm.city/agendas/ag20190311.pdf,https://councildocs.dsm.city/minutes/as20190311.pdf
2019-03-25,regular,https://councildocs.dsm.city/agendas/ag20190325.pdf,https://councildocs.dsm.city/minutes/as20190325.pdf
2019-04-08,regular,https://councildocs.dsm.city/agendas/ag20190408.pdf,https://councildocs.dsm.city/minutes/as20190408.pdf
2019-04-22,regular,https://councildocs.dsm.city/agendas/ag20190422.pdf,https://councildocs.dsm.city/minutes/as20190422.pdf
2019-05-06,regular,https://councildocs.dsm.city/agendas/ag20190506.pdf,https://councildocs.dsm.city/minutes/as20190506.pdf
2019-05-20,regular,https://councildocs.dsm.city/agendas/ag20190520.pdf,https://councildocs.dsm.city/minutes/as20190520.pdf
2019-06-03,regular,https://councildocs.dsm.city/agendas/ag20190603.pdf,https://councildocs.dsm.city/minutes/as20190603.pdf
2019-06-24,regular,https://councildocs.dsm.city/agendas/ag20190624.pdf,https://councildocs.dsm.city/minutes/as20190624.pdf
2019-07-15,regular,https://councildocs.dsm.city/agendas/ag20190715.pdf,https://councildocs.dsm.city/minutes/as20190715.pdf
2019-08-05,regular,https://councildocs.dsm.city/agendas/ag20190805.pdf,https://councildocs.dsm.city/minutes/as20190805.pdf
2019-08-19,regular,https://councildocs.dsm.city/agendas/ag20190819.pdf,https://councildocs.dsm.city/minutes/as20190819.pdf
2019-09-09,regular,https://councildocs.dsm.city/agendas/ag20190909.pdf,https://councildocs.dsm.city/minutes/as20190909.pdf
2019-09-11,regular,https://councildocs.dsm.city/agendas/ag20190911.pdf,https://councildocs.dsm.city/minutes/as20190911.pdf
2019-09-23,regular,https://councildocs.dsm.city/agendas/ag20190923.pdf,https://councildocs.dsm.city/minutes/as20190923.pdf
2019-10-14,regular,https://councildocs.dsm.city/agendas/ag20191014.pdf,https://councildocs.dsm.city/minutes/as20191014.pdf
2019-11-04,regular,https://councildocs.dsm.city/agendas/ag20191104.pdf,https://councildocs.dsm.city/minutes/as20191104.pdf
2019-11-18,regular,https://councildocs.dsm.city/agendas/ag20191118.pdf,https://councildocs.dsm.city/minutes/as20191118.pdf
2019-12-02,regular,https://councildocs.dsm.city/agendas/ag20191202.pdf,https://councildocs.dsm.city/minutes/as20191202.pdf
2019-12-16,regular,https://councildocs.dsm.city/agendas/ag20191216.pdf,https://councildocs.dsm.city/minutes/as20191216.pdf
2020-01-13,regular,https://councildocs.dsm.city/agendas/ag20200113.pdf,https://councildocs.dsm.city/minutes/as20200113.pdf
2020-01-27,regular,https://councildocs.dsm.city/agendas/ag20200127.pdf,https://councildocs.dsm.city/minutes/as20200127.pdf
2020-02-10,regular,https://councildocs.dsm.city/agendas/ag20200210.pdf,https://councildocs.dsm.city/minutes/as20200210.pdf
2020-02-24,regular,https://councildocs.dsm.city/agendas/ag20200224.pdf,https://councildocs.dsm.city/minutes/as20200224.pdf
2020-03-09,regular,https://councildocs.dsm.city/agendas/ag20200309.pdf,https://councildocs.dsm.city/minutes/as20200309.pdf
2020-03-23,regular,https://councildocs.dsm.city/agendas/ag20200323.pdf,https://councildocs.dsm.city/minutes/as20200323.pdf
2020-04-20,regular,https://councildocs.dsm.city/agendas/ag20200420.pdf,https://councildocs.dsm.city/minutes/as20200420.pdf
2020-05-04,regular,https://councildocs.dsm.city/agendas/ag20200504.pdf,https://councildocs.dsm.city/minutes/as20200504.pdf
2020-05-18,regular,https://councildocs.dsm.city/agendas/ag20200518.pdf,https://councildocs.dsm.city/minutes/as20200518.pdf
2020-06-08,regular,https://councildocs.dsm.city/agendas/ag20200608.pdf,https://councildocs.dsm.city/minutes/as20200608.pdf
2020-06-11,regular,https://councildocs.dsm.city/agendas/ag20200611.pdf,
2020-06-22,regular,https://councildocs.dsm.city/agendas/ag20200622.pdf,https://councildocs.dsm.city/minutes/as20200622.pdf
2020-07-13,regular,https://councildocs.dsm.city/agendas/ag20200713.pdf,https://councildocs.dsm.city/minutes/as20200713.pdf
2020-08-03,regular,https://councildocs.dsm.city/agendas/ag20200803.pdf,https://councildocs.dsm.city/minutes/as20200803.pdf
2020-08-05,regular,,https://councildocs.dsm.city/minutes/as20200805.pdf
2020-08-17,regular,https://councildocs.dsm.city/agendas/ag20200817.pdf,https://councildocs.dsm.city/minutes/as20200817.pdf
2020-09-14,regular,https://councildocs.dsm.city/agendas/ag20200914.pdf,https://councildocs.dsm.city/minutes/as20200914.pdf
2020-10-05,regular,https://councildocs.dsm.city/agendas/ag20201005.pdf,https://councildocs.dsm.city/minutes/as20201005.pdf
2020-10-19,regular,https://councildocs.dsm.city/agendas/ag20201019.pdf,https://councildocs.dsm.city/minutes/as20201019.pdf
2020-11-09,regular,https://councildocs.dsm.city/agendas/ag20201109.pdf,https://councildocs.dsm.city/minutes/as20201109.pdf
2020-11-23,regular,https://councildocs.dsm.city/agendas/ag20201123.pdf,https://councildocs.dsm.city/minutes/as20201123.pdf
2020-12-07,regular,https://councildocs.dsm.city/agendas/ag20201207.pdf,https://councildocs.dsm.city/minutes/as20201207.pdf
2020-12-21,regular,https://councildocs.dsm.city/agendas/ag20201221.pdf,https://councildocs.dsm.city/minutes/as20201221.pdf
2021-01-11,regular,https://councildocs.dsm.city/agendas/ag20210111.pdf,https://councildocs.dsm.city/minutes/as20210111.pdf
2021-01-25,regular,https://councildocs.dsm.city/agendas/ag20210125.pdf,https://councildocs.dsm.city/minutes/as20210125.pdf
2021-02-08,regular,https://councildocs.dsm.city/agendas/ag20210208.pdf,https://councildocs.dsm.city/minutes/as20210208.pdf
2021-02-22,regular,https://councildocs.dsm.city/agendas/ag20210222.pdf,https://councildocs.dsm.city/minutes/as20210222.pdf
2021-03-08,regular,https://councildocs.dsm.city/agendas/ag20210308.pdf,https://councildocs.dsm.city/minutes/as20210308.pdf
2021-03-22,regular,https://councildocs.dsm.city/agendas/ag20210322.pdf,https://councildocs.dsm.city/minutes/as20210322.pdf
2021-04-05,regular,https://councildocs.dsm.city/agendas/ag20210405.pdf,https://councildocs.dsm.city/minutes/as20210405.pdf
2021-04-19,regular,https://councildocs.dsm.city/agendas/ag20210419.pdf,https://councildocs.dsm.city/minutes/as20210419.pdf
2021-05-10,regular,https://councildocs.dsm.city/agendas/ag20210510.pdf,https://councildocs.dsm.city/minutes/as20210510.pdf
2021-05-24,regular,https://councildocs.dsm.city/agendas/ag20210524.pdf,https://councildocs.dsm.city/minutes/as20210524.pdf
2021-06-14,regular,https://councildocs.dsm.city/agendas/ag20210614.pdf,https://councildocs.dsm.city/minutes/as20210614.pdf
2021-06-16,regular,https://councildocs.dsm.city/agendas/ag20210616.pdf,https://councildocs.dsm.city/minutes/as20210616.pdf
2021-06-28,regular,https://councildocs.dsm.city/agendas/ag20210628.pdf,https://councildocs.dsm.city/minutes/as20210628.pdf
2021-07-19,regular,https://councildocs.dsm.city/agendas/ag20210719.pdf,https://councildocs.dsm.city/minutes/as20210719.pdf
2021-08-09,regular,https://councildocs.dsm.city/agendas/ag20210809.pdf,https://councildocs.dsm.city/minutes/as20210809.pdf
2021-08-23,regular,https://councildocs.dsm.city/agendas/ag20210823.pdf,https://councildocs.dsm.city/minutes/as20210823.pdf
2021-09-13,regular,https://councildocs.dsm.city/agendas/ag20210913.pdf,https://councildocs.dsm.city/minutes/as20210913.pdf
2021-10-04,regular,https://councildocs.dsm.city/agendas/ag20211004.pdf,https://councildocs.dsm.city/minutes/as20211004.pdf
2021-10-18,regular,https://councildocs.dsm.city/agendas/ag20211018.pdf,https://councildocs.dsm.city/minutes/as20211018.pdf
2021-10-21,regular,https://councildocs.dsm.city/agendas/ag20211021.pdf,
2021-11-01,regular,https://councildocs.dsm.city/agendas/ag20211101.pdf,https://councildocs.dsm.city/minutes/as20211101.pdf
2021-11-15,regular,https://councildocs.dsm.city/agendas/ag20211115.pdf,https://councildocs.dsm.city/minutes/as20211115.pdf
2021-12-06,regular,https://councildocs.dsm.city/agendas/ag20211206.pdf,https://councildocs.dsm.city/minutes/as20211206.pdf
2021-12-20,regular,https://councildocs.dsm.city/agendas/ag20211220.pdf,https://councildocs.dsm.city/minutes/as20211220.pdf
2022-01-10,regular,https://councildocs.dsm.city/agendas/ag20220110.pdf,https://councildocs.dsm.city/minutes/as20220110.pdf
2022-01-24,regular,https://councildocs.dsm.city/agendas/ag20220124.pdf,https://councildocs.dsm.city/minutes/as20220124.pdf
2022-02-07,regular,https://councildocs.dsm.city/agendas/ag20220207.pdf,https://councildocs.dsm.city/minutes/as20220207.pdf
2022-02-21,regular,https://councildocs.dsm.city/agendas/ag20220221.pdf,https://councildocs.dsm.city/minutes/as20220221.pdf
2022-03-07,regular,https://councildocs.dsm.city/agendas/ag20220307.pdf,https://councildocs.dsm.city/minutes/as20220307.pdf
2022-03-21,regular,https://councildocs.dsm.city/agendas/ag20220321.pdf,https://councildocs.dsm.city/minutes/as20220321.pdf
2022-04-04,regular,https://councildocs.dsm.city/agendas/ag20220404.pdf,https://councildocs.dsm.city/minutes/as20220404.pdf
2022-04-18,regular,https://councildocs.dsm.city/agendas/ag20220418.pdf,https://councildocs.dsm.city/minutes/as20220418.pdf
2022-05-09,regular,https://councildocs.dsm.city/agendas/ag20220509.pdf,https://councildocs.dsm.city/minutes/as20220509.pdf
2022-05-23,regular,https://councildocs.dsm.city/agendas/ag20220523.pdf,https://councildocs.dsm.city/minutes/as20220523.pdf
2022-06-13,regular,https://councildocs.dsm.city/agendas/ag20220613.pdf,https://councildocs.dsm.city/minutes/as20220613.pdf
2022-06-27,regular,https://councildocs.dsm.city/agendas/ag20220627.pdf,https://councildocs.dsm.city/minutes/as20220627.pdf
2022-07-18,regular,https://councildocs.dsm.city/agendas/ag20220718.pdf,https://councildocs.dsm.city/minutes/as20220718.pdf
2022-08-08,regular,https://councildocs.dsm.city/agendas/ag20220808.pdf,https://councildocs.dsm.city/minutes/as20220808.pdf
2022-08-22,regular,https://councildocs.dsm.city/agendas/ag20220822.pdf,https://councildocs.dsm.city/minutes/as20220822.pdf
2022-09-12,regular,https://councildocs.dsm.city/agendas/ag20220912.pdf,https://councildocs.dsm.city/minutes/as20220912.pdf
2022-10-03,regular,https://councildocs.dsm.city/agendas/ag20221003.pdf,https://councildocs.dsm.city/minutes/as20221003.pdf
2022-10-24,regular,https://councildocs.dsm.city/agendas/ag20221024.pdf,https://councildocs.dsm.city/minutes/as20221024.pdf
2022-11-07,regular,https://councildocs.dsm.city/agendas/ag20221107.pdf,https://councildocs.dsm.city/minutes/as20221107.pdf
2022-11-21,regular,https://councildocs.dsm.city/agendas/ag20221121.pdf,https://councildocs.dsm.city/minutes/as20221121.pdf
2022-12-12,regular,https://councildocs.dsm.city/agendas/ag20221212.pdf,https://councildocs.dsm.city/minutes/as20221212.pdf
2023-01-09,regular,https://councildocs.dsm.city/agendas/ag20230109.pdf,https://councildocs.dsm.city/minutes/as20230109.pdf
2023-01-23,regular,https://councildocs.dsm.city/agendas/ag20230123.pdf,https://councildocs.dsm.city/minutes/as20230123.pdf
2023-02-06,regular,https://councildocs.dsm.city/agendas/ag20230206.pdf,https://councildocs.dsm.city/minutes/as20230206.pdf
2023-02-20,regular,https://councildocs.dsm.city/agendas/ag20230220.pdf,https://councildocs.dsm.city/minutes/as20230220.pdf
2023-03-06,regular,https://councildocs.dsm.city/agendas/ag20230306.pdf,https://councildocs.dsm.city/minutes/as20230306.pdf
2023-03-27,regular,https://councildocs.dsm.city/agendas/ag20230327.pdf,https://councildocs.dsm.city/minutes/as20230327.pdf
2023-04-10,regular,https://councildocs.dsm.city/agendas/ag20230410.pdf,https://councildocs.dsm.city/minutes/as20230410.pdf
2023-04-24,regular,https://councildocs.dsm.city/agendas/ag20230424.pdf,https://councildocs.dsm.city/minutes/as20230424.pdf
2023-05-08,regular,https://councildocs.dsm.city/agendas/ag20230508.pdf,https://councildocs.dsm.city/minutes/as20230508.pdf
2023-05-22,regular,https://councildocs.dsm.city/agendas/ag20230522.pdf,https://councildocs.dsm.city/minutes/as20230522.pdf
2023-06-12,regular,https://councildocs.dsm.city/agendas/ag20230612.pdf,https://councildocs.dsm.city/minutes/as20230612.pdf
2023-06-26,regular,https://councildocs.dsm.city/agendas/ag20230626.pdf,https://councildocs.dsm.city/minutes/as20230626.pdf
2023-07-17,regular,https://councildocs.dsm.city/agendas/ag20230717.pdf,https://councildocs.dsm.city/minutes/as20230717.pdf
2023-08-07,regular,https://councildocs.dsm.city/agendas/ag20230807.pdf,https://councildocs.dsm.city/minutes/as20230807.pdf
2023-08-21,regular,https://councildocs.dsm.city/agendas/ag20230821.pdf,https://councildocs.dsm.city/minutes/as20230821.pdf
2023-09-11,regular,https://councildocs.dsm.city/agendas/ag20230911.pdf,https://councildocs.dsm.city/minutes/as20230911.pdf
2023-10-02,regular,https://councildocs.dsm.city/agendas/ag20231002.pdf,https://councildocs.dsm.city/minutes/as20231002.pdf
2023-10-23,regular,https://councildocs.dsm.city/agendas/ag20231023.pdf,https://councildocs.dsm.city/minutes/as20231023.pdf
2023-11-06,regular,https://councildocs.dsm.city/agendas/ag20231106.pdf,https://councildocs.dsm.city/minutes/as20231106.pdf
2023-11-20,regular,https://councildocs.dsm.city/agendas/ag20231120.pdf,https://councildocs.dsm.city/minutes/as20231120.pdf
2023-12-04,regular,https://councildocs.dsm.city/agendas/ag20231204.pdf,https://councildocs.dsm.city/minutes/as20231204.pdf
2023-12-13,regular,https://councildocs.dsm.city/agendas/ag20231213.pdf,https://councildocs.dsm.city/minutes/as20231213.pdf
2023-12-18,regular,https://councildocs.dsm.city/agendas/ag20231218.pdf,https://councildocs.dsm.city/minutes/as20231218.pdf
2024-01-08,regular,https://councildocs.dsm.city/agendas/ag20240108.pdf,https://councildocs.dsm.city/minutes/as20240108.pdf
2024-01-22,regular,https://councildocs.dsm.city/agendas/ag20240122.pdf,https://councildocs.dsm.city/minutes/as20240122.pdf
2024-02-05,regular,https://councildocs.dsm.city/agendas/ag20240205.pdf,https://councildocs.dsm.city/minutes/as20240205.pdf
2024-02-19,regular,https://councildocs.dsm.city/agendas/ag20240219.pdf,https://councildocs.dsm.city/minutes/as20240219.pdf
2024-03-04,regular,https://councildocs.dsm.city/agendas/ag20240304.pdf,https://councildocs.dsm.city/minutes/as20240304.pdf
2024-03-18,regular,https://councildocs.dsm.city/agendas/ag20240318.pdf,https://councildocs.dsm.city/minutes/as20240318.pdf
2024-04-01,regular,https://councildocs.dsm.city/agendas/ag20240401.pdf,https://councildocs.dsm.city/minutes/as20240401.pdf
2024-04-15,regular,https://councildocs.dsm.city/agendas/ag20240415.pdf,https://councildocs.dsm.city/minutes/as20240415.pdf
2024-05-06,regular,https://councildocs.dsm.city/agendas/ag20240506.pdf,https://councildocs.dsm.city/minutes/as20240506.pdf
2024-05-20,regular,https://councildocs.dsm.city/agendas/ag20240520.pdf,https://councildocs.dsm.city/minutes/as20240520.pdf
2024-06-03,regular,https://councildocs.dsm.city/agendas/ag20240603.pdf,https://councildocs.dsm.city/minutes/as20240603.pdf
2024-06-17,regular,https://councildocs.dsm.city/agendas/ag20240617.pdf,https://councildocs.dsm.city/minutes/as20240617.pdf
2024-07-15,regular,https://councildocs.dsm.city/agendas/ag20240715.pdf,https://councildocs.dsm.city/minutes/as20240715.pdf
2024-07-22,regular,https://councildocs.dsm.city/agendas/ag20240722.pdf,https://councildocs.dsm.city/minutes/as20240722.pdf
2024-08-05,regular,https://councildocs.dsm.city/agendas/ag20240805.pdf,https://councildocs.dsm.city/minutes/as20240805.pdf
2024-08-19,regular,https://councildocs.dsm.city/agendas/ag20240819.pdf,https://councildocs.dsm.city/minutes/as20240819.pdf
2024-09-16,regular,https://councildocs.dsm.city/agendas/ag20240916.pdf,https://councildocs.dsm.city/minutes/as20240916.pdf
2024-10-07,regular,https://councildocs.dsm.city/agendas/ag20241007.pdf,https://councildocs.dsm.city/minutes/as20241007.pdf
2024-10-21,regular,https://councildocs.dsm.city/agendas/ag20241021.pdf,https://councildocs.dsm.city/minutes/as20241021.pdf
2024-11-04,regular,https://councildocs.dsm.city/agendas/ag20241104.pdf,https://councildocs.dsm.city/minutes/as20241104.pdf
2024-11-18,regular,https://councildocs.dsm.city/agendas/ag20241118.pdf,https://councildocs.dsm.city/minutes/as20241118.pdf
2024-12-09,regular,https://councildocs.dsm.city/agendas/ag20241209.pdf,https://councildocs.dsm.city/minutes/as20241209.pdf
2024-12-23,regular,https://councildocs.dsm.city/agendas/ag20241223.pdf,https://councildocs.dsm.city/minutes/as20241223.pdf
2025-01-13,regular,https://councildocs.dsm.city/agendas/ag20250113.pdf,https://councildocs.dsm.city/minutes/as20250113.pdf
2025-01-27,regular,https://councildocs.dsm.city/agendas/ag20250127.pdf,https://councildocs.dsm.city/minutes/as20250127.pdf
2025-02-10,regular,https://councildocs.dsm.city/agendas/ag20250210.pdf,https://councildocs.dsm.city/minutes/as20250210.pdf
2025-02-24,regular,https://councildocs.dsm.city/agendas/ag20250224.pdf,https://councildocs.dsm.city/minutes/as20250224.pdf
2025-03-10,regular,https://councildocs.dsm.city/agendas/ag20250310.pdf,https://councildocs.dsm.city/minutes/as20250310.pdf
2025-03-24,regular,https://councildocs.dsm.city/agendas/ag20250324.pdf,https://councildocs.dsm.city/minutes/as20250324.pdf
2025-04-07,regular,https://councildocs.dsm.city/agendas/ag20250407.pdf,https://councildocs.dsm.city/minutes/as20250407.pdf
2025-04-21,regular,https://councildocs.dsm.city/agendas/ag20250421.pdf,https://councildocs.dsm.city/minutes/as20250421.pdf
2025-05-05,regular,https://councildocs.dsm.city/agendas/ag20250505.pdf,https://councildocs.dsm.city/minutes/as20250505.pdf
2025-05-19,regular,https://councildocs.dsm.city/agendas/ag20250519.pdf,https://councildocs.dsm.city/minutes/as20250519.pdf
2025-06-09,regular,https://councildocs.dsm.city/agendas/ag20250609.pdf,https://councildocs.dsm.city/minutes/as20250609.pdf
2025-06-30,regular,https://councildocs.dsm.city/agendas/ag20250630.pdf,https://councildocs.dsm.city/minutes/as20250630.pdf
2025-07-14,regular,https://councildocs.dsm.city/agendas/ag20250714.pdf,https://councildocs.dsm.city/minutes/as20250714.pdf
2025-08-04,regular,https://councildocs.dsm.city/agendas/ag20250804.pdf,https://councildocs.dsm.city/minutes/as20250804.pdf
2025-08-18,regular,https://councildocs.dsm.city/agendas/ag20250818.pdf,https://councildocs.dsm.city/minutes/as20250818.pdf
2025-09-08,regular,https://councildocs.dsm.city/agendas/ag20250908.pdf,https://councildocs.dsm.city/minutes/as20250908.pdf
2025-09-29,regular,https://councildocs.dsm.city/agendas/ag20250929.pdf,https://councildocs.dsm.city/minutes/as20250929.pdf
2025-10-20,regular,https://councildocs.dsm.city/agendas/ag20251020.pdf,https://councildocs.dsm.city/minutes/as20251020.pdf
2025-11-03,regular,https://councildocs.dsm.city/agendas/ag20251103.pdf,https://councildocs.dsm.city/minutes/as20251103.pdf
2025-11-17,regular,https://councildocs.dsm.city/agendas/ag20251117.pdf,https://councildocs.dsm.city/minutes/as20251117.pdf
2025-12-08,regular,https://councildocs.dsm.city/agendas/ag20251208.pdf,https://councildocs.dsm.city/minutes/as20251208.pdf
2025-12-22,regular,https://councildocs.dsm.city/agendas/ag20251222.pdf,https://councildocs.dsm.city/minutes/as20251222.pdf
2026-01-12,regular,https://councildocs.dsm.city/agendas/ag20260112.pdf,https://councildocs.dsm.city/minutes/as20260112.pdf
2026-01-26,regular,https://councildocs.dsm.city/agendas/ag20260126.pdf,https://councildocs.dsm.city/minutes/as20260126.pdf
2026-02-09,regular,https://councildocs.dsm.city/agendas/ag20260209.pdf,https://councildocs.dsm.city/minutes/as20260209.pdf
2026-02-23,regular,https://councildocs.dsm.city/agendas/ag20260223.pdf,https://councildocs.dsm.city/minutes/as20260223.pdf
2026-03-09,regular,https://councildocs.dsm.city/agendas/ag20260309.pdf,https://councildocs.dsm.city/minutes/as20260309.pdf
2026-03-23,regular,https://councildocs.dsm.city/agendas/ag20260323.pdf,https://councildocs.dsm.city/minutes/as20260323.pdf
2026-04-06,regular,https://councildocs.dsm.city/agendas/ag20260406.pdf,https://councildocs.dsm.city/minutes/as20260406.pdf
2026-04-15,regular,https://councildocs.dsm.city/agendas/ag20260415.pdf,
2026-04-20,regular,https://councildocs.dsm.city/agendas/ag20260420.pdf,https://councildocs.dsm.city/minutes/as20260420.pdf
2026-05-04,regular,https://councildocs.dsm.city/agendas/ag20260504.pdf,https://councildocs.dsm.city/minutes/as20260504.pdf
2026-05-18,regular,https://councildocs.dsm.city/agendas/ag20260518.pdf,https://councildocs.dsm.city/minutes/as20260518.pdf
2026-06-08,regular,https://councildocs.dsm.city/agendas/ag20260608.pdf,https://councildocs.dsm.city/minutes/as20260608.pdf
2026-06-29,regular,https://councildocs.dsm.city/agendas/ag20260629.pdf,https://councildocs.dsm.city/minutes/as20260629.pdf
2026-07-02,regular,https://councildocs.dsm.city/agendas/ag20260702.pdf,https://councildocs.dsm.city/minutes/as20260702.pdf
2026-07-13,regular,https://councildocs.dsm.city/agendas/ag20260713.pdf,https://councildocs.dsm.city/minutes/as20260713.pdf
